"Category","Per Capita Consumption"
"Meghalaya<br>2002-03",335.86
"N R<br>2002-03",550.42
"A.& N. Islands<br>2002-03",375.14
"Punjab<br>2002-03",1227.39
"Telangana<br>2002-03",
"Haryana<br>2002-03",997.08
"Sikkim<br>2002-03",246.87
"W R<br>2002-03",835.61
"West Bengal<br>2002-03",366.5
"Karnataka<br>2002-03",611.16
"Bihar<br>2002-03",81.55
"Gujarat<br>2002-03",1192.87
"D. & N. Haveli<br>2002-03",4135.15
"Chhattisgarh<br>2002-03",675.86
"Puducherry<br>2002-03",1761.24
"Mizoram<br>2002-03",299.85
"Andhra Pradesh<br>2002-03",672.64
"Manipur<br>2002-03",206.37
"Jammu & Kashmir<br>2002-03",592.41
"Himachal Pradesh<br>2002-03",598.71
"Nagaland<br>2002-03",139.11
"Assam<br>2002-03",159.97
"Arunachal Pradesh<br>2002-03",132.45
"Tripura<br>2002-03",227.26
"S R<br>2002-03",660.32
"Odisha<br>2002-03",470.18
"All India<br>2002-03",566.69
"Maharashtra<br>2002-03",848.02
"Uttar Pradesh<br>2002-03",316.13
"Lakshadweep<br>2002-03",348.17
"N E R<br>2002-03",180.29
"Kerala<br>2002-03",377.54
"Jharkhand<br>2002-03",467.7
"Uttarakhand<br>2002-03",463.7
"Delhi<br>2002-03",1426.17
"E R<br>2002-03",290.45
"Rajasthan<br>2002-03",566.14
"Daman & Diu<br>2002-03",7375.94
"Goa<br>2002-03",1842.7
"Chandigarh<br>2002-03",648.46
"Madhya Pradesh<br>2002-03",520.35
"Tamil Nadu<br>2002-03",815.26
"Assam<br>2003-04",160.08
"Uttar Pradesh<br>2003-04",299.63
"Jammu & Kashmir<br>2003-04",647.46
"Uttarakhand<br>2003-04",825.1
"Puducherry<br>2003-04",1894.45
"Andhra Pradesh<br>2003-04",718.84
"Tamil Nadu<br>2003-04",866.43
"Karnataka<br>2003-04",642.26
"Odisha<br>2003-04",695.42
"Chhattisgarh<br>2003-04",677.66
"West Bengal<br>2003-04",410.19
"Rajasthan<br>2003-04",539.62
"Sikkim<br>2003-04",765.68
"Telangana<br>2003-04",
"Jharkhand<br>2003-04",564.26
"Punjab<br>2003-04",1277.11
"Kerala<br>2003-04",386.2
"Bihar<br>2003-04",75.44
"A.& N. Islands<br>2003-04",420.29
"Lakshadweep<br>2003-04",341.72
"Arunachal Pradesh<br>2003-04",224.64
"Meghalaya<br>2003-04",416.02
"D. & N. Haveli<br>2003-04",7496.78
"Maharashtra<br>2003-04",878.57
"Manipur<br>2003-04",218.37
"Nagaland<br>2003-04",155.91
"Delhi<br>2003-04",1542.04
"N E R<br>2003-04",192.33
"Haryana<br>2003-04",923.83
"Tripura<br>2003-04",263.65
"W R<br>2003-04",837.2
"E R<br>2003-04",351.94
"Gujarat<br>2003-04",1175.23
"All India<br>2003-04",592
"N R<br>2003-04",558.79
"Chandigarh<br>2003-04",1499.58
"Mizoram<br>2003-04",300.76
"Madhya Pradesh<br>2003-04",474.78
"S R<br>2003-04",699.34
"Goa<br>2003-04",2178.47
"Himachal Pradesh<br>2003-04",794.32
"Daman & Diu<br>2003-04",7037.98
"Jharkhand<br>2004-05",546.2076433383085
"S R<br>2004-05",735.7410795926728
"Karnataka<br>2004-05",660.043850713554
"Odisha<br>2004-05",735.4938906071346
"Delhi<br>2004-05",1553.774338294076
"Rajasthan<br>2004-05",583.3176538906848
"E R<br>2004-05",357.2162520752545
"Chandigarh<br>2004-05",887.2621220265629
"Puducherry<br>2004-05",2049.256201739533
"Kerala<br>2004-05",397.8326313086763
"Madhya Pradesh<br>2004-05",515.502249402058
"All India<br>2004-05",612.498575569153
"Uttar Pradesh<br>2004-05",308.8270280459722
"N E R<br>2004-05",218.9196627801959
"Lakshadweep<br>2004-05",376.8333333333333
"Uttarakhand<br>2004-05",653.7787274819466
"Tamil Nadu<br>2004-05",918.0807472245833
"Bihar<br>2004-05",75.06228118517896
"Maharashtra<br>2004-05",879.0870435849318
"Daman & Diu<br>2004-05",7545.68295540595
"Meghalaya<br>2004-05",521.3835260725454
"Manipur<br>2004-05",257.7153764589029
"A.& N. Islands<br>2004-05",345.6
"Mizoram<br>2004-05",438.714447179132
"D. & N. Haveli<br>2004-05",8478.773182016756
"Himachal Pradesh<br>2004-05",831.1055599389962
"Arunachal Pradesh<br>2004-05",379.6465386951468
"Nagaland<br>2004-05",181.2213232246368
"Chhattisgarh<br>2004-05",684.835170159622
"Assam<br>2004-05",162.8210334686858
"Jammu & Kashmir<br>2004-05",608.9303089125784
"Tripura<br>2004-05",351.135523064068
"Haryana<br>2004-05",950.693573601755
"W R<br>2004-05",876.6762946589823
"Punjab<br>2004-05",1245.231201680915
"West Bengal<br>2004-05",413.5321144784459
"Goa<br>2004-05",2189.029853911559
"Gujarat<br>2004-05",1298.778633786376
"Sikkim<br>2004-05",985.0556416644882
"Telangana<br>2004-05",
"N R<br>2004-05",564.565716226233
"Andhra Pradesh<br>2004-05",764.7521318371093
"Madhya Pradesh<br>2005-06",580.34
"Goa<br>2005-06",1970.08
"Kerala<br>2005-06",424.13
"Chhattisgarh<br>2005-06",685.81
"Telangana<br>2005-06",
"Gujarat<br>2005-06",1283.77
"Karnataka<br>2005-06",720.43
"Maharashtra<br>2005-06",934.43
"Andhra Pradesh<br>2005-06",723.1
"D. & N. Haveli<br>2005-06",11567.67
"Uttarakhand<br>2005-06",654.84
"S R<br>2005-06",757.79
"Daman & Diu<br>2005-06",8300.12
"Tamil Nadu<br>2005-06",976.81
"Sikkim<br>2005-06",429.81
"Punjab<br>2005-06",1436.79
"Delhi<br>2005-06",1766.94
"A.& N. Islands<br>2005-06",407.77
"Arunachal Pradesh<br>2005-06",297.66
"Assam<br>2005-06",170.65
"Jammu & Kashmir<br>2005-06",711.01
"W R<br>2005-06",916.28
"Manipur<br>2005-06",215.21
"Meghalaya<br>2005-06",517.54
"N R<br>2005-06",602.56
"Himachal Pradesh<br>2005-06",765.86
"Mizoram<br>2005-06",250.15
"Haryana<br>2005-06",1090.39
"Nagaland<br>2005-06",179.34
"West Bengal<br>2005-06",380.61
"E R<br>2005-06",332.21
"Chandigarh<br>2005-06",1553.96
"Puducherry<br>2005-06",2509.25
"All India<br>2005-06",631.41
"Uttar Pradesh<br>2005-06",311.82
"Lakshadweep<br>2005-06",368.29
"Tripura<br>2005-06",190.62
"Bihar<br>2005-06",85.86
"Rajasthan<br>2005-06",572.2
"Jharkhand<br>2005-06",548.74
"N E R<br>2005-06",201.44
"Odisha<br>2005-06",633.93
"Karnataka<br>2006-07",805.5
"Tripura<br>2006-07",178.9
"E R<br>2006-07",357.67
"All India<br>2006-07",671.89
"Maharashtra<br>2006-07",975.43
"W R<br>2006-07",969.08
"N R<br>2006-07",623.09
"Daman & Diu<br>2006-07",8950.43
"S R<br>2006-07",836.56
"N E R<br>2006-07",203.98
"Madhya Pradesh<br>2006-07",581.73
"Nagaland<br>2006-07",173.29
"Telangana<br>2006-07",
"Odisha<br>2006-07",664.68
"Jharkhand<br>2006-07",659.15
"Bihar<br>2006-07",91
"Lakshadweep<br>2006-07",402.14
"Puducherry<br>2006-07",2692.81
"West Bengal<br>2006-07",396.79
"Kerala<br>2006-07",440.77
"Sikkim<br>2006-07",533.37
"Andhra Pradesh<br>2006-07",802.38
"Mizoram<br>2006-07",262.63
"D. & N. Haveli<br>2006-07",13310.33
"Meghalaya<br>2006-07",546.83
"Goa<br>2006-07",2097.71
"Manipur<br>2006-07",194.8
"Assam<br>2006-07",175.09
"Arunachal Pradesh<br>2006-07",299.11
"A.& N. Islands<br>2006-07",458.05
"Tamil Nadu<br>2006-07",1079.94
"Punjab<br>2006-07",1506.28
"Uttar Pradesh<br>2006-07",340.5
"Chhattisgarh<br>2006-07",934.78
"Rajasthan<br>2006-07",590.69
"Jammu & Kashmir<br>2006-07",758.63
"Chandigarh<br>2006-07",1486.68
"Haryana<br>2006-07",1208.21
"Himachal Pradesh<br>2006-07",872
"Gujarat<br>2006-07",1330.82
"Uttarakhand<br>2006-07",706.84
"Delhi<br>2006-07",1417.22
"West Bengal<br>2007-08",439.17
"Tamil Nadu<br>2007-08",1144.94
"Gujarat<br>2007-08",1486.31
"Rajasthan<br>2007-08",691.98
"Himachal Pradesh<br>2007-08",966.8
"Delhi<br>2007-08",1433.36
"Meghalaya<br>2007-08",629.19
"Daman & Diu<br>2007-08",9472.79
"Andhra Pradesh<br>2007-08",877.06
"W R<br>2007-08",1029.53
"Goa<br>2007-08",2168.77
"Tripura<br>2007-08",202.41
"Odisha<br>2007-08",751.54
"Nagaland<br>2007-08",199.35
"Jharkhand<br>2007-08",643.05
"Haryana<br>2007-08",1295.58
"Uttar Pradesh<br>2007-08",345.66
"D. & N. Haveli<br>2007-08",14787.38
"N R<br>2007-08",666.39
"Mizoram<br>2007-08",353.95
"Chhattisgarh<br>2007-08",873.57
"Puducherry<br>2007-08",2357.28
"S R<br>2007-08",887.97
"Kerala<br>2007-08",444.48
"Bihar<br>2007-08",100.69
"N E R<br>2007-08",229.16
"Karnataka<br>2007-08",843.67
"Sikkim<br>2007-08",732.22
"Lakshadweep<br>2007-08",426.86
"Arunachal Pradesh<br>2007-08",456.39
"Chandigarh<br>2007-08",1556.65
"All India<br>2007-08",717.13
"Uttarakhand<br>2007-08",855.54
"Madhya Pradesh<br>2007-08",623.11
"A.& N. Islands<br>2007-08",514.61
"Punjab<br>2007-08",1613.71
"Maharashtra<br>2007-08",1019.91
"E R<br>2007-08",388.03
"Telangana<br>2007-08",
"Assam<br>2007-08",188.03
"Jammu & Kashmir<br>2007-08",794.54
"Manipur<br>2007-08",222.31
"A.& N. Islands<br>2008-09",474.7
"Telangana<br>2008-09",
"Jharkhand<br>2008-09",695.55
"Manipur<br>2008-09",241.73
"Nagaland<br>2008-09",225.98
"Goa<br>2008-09",2259.85
"West Bengal<br>2008-09",442.45
"Kerala<br>2008-09",444
"Meghalaya<br>2008-09",655.38
"Andhra Pradesh<br>2008-09",928.16
"Punjab<br>2008-09",1552.99
"Jammu & Kashmir<br>2008-09",894.4
"N R<br>2008-09",688.15
"Himachal Pradesh<br>2008-09",1015.76
"Karnataka<br>2008-09",854.35
"Tamil Nadu<br>2008-09",1134.48
"Arunachal Pradesh<br>2008-09",447.47
"Sikkim<br>2008-09",806.29
"Chhattisgarh<br>2008-09",1417.6
"Mizoram<br>2008-09",378.29
"Odisha<br>2008-09",775.16
"W R<br>2008-09",1039.02
"D. & N. Haveli<br>2008-09",11094.49
"Lakshadweep<br>2008-09",453
"Puducherry<br>2008-09",1988.37
"Assam<br>2008-09",199.15
"Gujarat<br>2008-09",1457.29
"Rajasthan<br>2008-09",747.07
"Maharashtra<br>2008-09",969.4
"N E R<br>2008-09",241.85
"Delhi<br>2008-09",1374.16
"Daman & Diu<br>2008-09",6507.96
"Bihar<br>2008-09",107.14
"Uttarakhand<br>2008-09",920.69
"E R<br>2008-09",401.11
"Chandigarh<br>2008-09",1247.49
"All India<br>2008-09",733.54
"Haryana<br>2008-09",1278.85
"Madhya Pradesh<br>2008-09",583.75
"S R<br>2008-09",904.49
"Uttar Pradesh<br>2008-09",371.89
"Tripura<br>2008-09",203.75
"Bihar<br>2009-10",122.1093375065206
"Punjab<br>2009-10",1526.857195301028
"Assam<br>2009-10",204.7966045272969
"Jammu & Kashmir<br>2009-10",952.0156385751521
"Meghalaya<br>2009-10",675.1937984496124
"E R<br>2009-10",481.3608456527675
"Goa<br>2009-10",2263.633136094675
"Maharashtra<br>2009-10",1028.223569876901
"Uttarakhand<br>2009-10",1112.29363449692
"Lakshadweep<br>2009-10",418.1428571428571
"A.& N. Islands<br>2009-10",493.9787234042553
"Madhya Pradesh<br>2009-10",602.072966846132
"Kerala<br>2009-10",525.2475160724723
"Sikkim<br>2009-10",850
"Chandigarh<br>2009-10",1340
"Arunachal Pradesh<br>2009-10",470
"Karnataka<br>2009-10",903.2374039282665
"N E R<br>2009-10",257.9813996744942
"W R<br>2009-10",1116.91986417657
"All India<br>2009-10",778.7059693075398
"Andhra Pradesh<br>2009-10",966.9924686192468
"Tamil Nadu<br>2009-10",1131.582286056253
"Rajasthan<br>2009-10",736.2005730659025
"Nagaland<br>2009-10",218.0316742081448
"Tripura<br>2009-10",335.4747191011236
"Chhattisgarh<br>2009-10",1546.943109243697
"Puducherry<br>2009-10",1743.369230769231
"N R<br>2009-10",695.1094779383269
"D. & N. Haveli<br>2009-10",11863.63636363636
"Mizoram<br>2009-10",376.989898989899
"Daman & Diu<br>2009-10",7118.230769230769
"Himachal Pradesh<br>2009-10",1379.989552238806
"Telangana<br>2009-10",
"Jharkhand<br>2009-10",880.4285714285714
"Haryana<br>2009-10",1222.20523138833
"S R<br>2009-10",938.8793279646814
"Uttar Pradesh<br>2009-10",348.3689236111111
"Manipur<br>2009-10",240.2199170124481
"West Bengal<br>2009-10",550.1593841974191
"Delhi<br>2009-10",1651.261139311901
"Gujarat<br>2009-10",1615.241478155759
"Odisha<br>2009-10",874.2599403578529
"Kerala<br>2010-11",550.7998289748375
"Jharkhand<br>2010-11",749.2734813885761
"Uttar Pradesh<br>2010-11",411.9409425748115
"Puducherry<br>2010-11",1850.472778013586
"West Bengal<br>2010-11",537.8500555071755
"Odisha<br>2010-11",1070.34591760466
"Tamil Nadu<br>2010-11",1232.514854573325
"Rajasthan<br>2010-11",843.7497864516432
"Bihar<br>2010-11",126.7499102943084
"Punjab<br>2010-11",1735.511081036877
"Lakshadweep<br>2010-11",531.625
"Madhya Pradesh<br>2010-11",674.4833621247842
"Tripura<br>2010-11",221.8021075802362
"Haryana<br>2010-11",1485.067230001132
"Chhattisgarh<br>2010-11",1117.530226881782
"Goa<br>2010-11",2060.646703307228
"Nagaland<br>2010-11",264.8064311693108
"Mizoram<br>2010-11",461.6878531219722
"Andhra Pradesh<br>2010-11",1065.461230404611
"N R<br>2010-11",776.3656902782016
"D. & N. Haveli<br>2010-11",13366.49856141288
"W R<br>2010-11",1104.441942229985
"Chandigarh<br>2010-11",1282.862343680885
"N E R<br>2010-11",267.5292797883152
"All India<br>2010-11",818.746167182854
"E R<br>2010-11",493.3901885179894
"S R<br>2010-11",1009.625975240522
"Gujarat<br>2010-11",1508.137953665987
"Daman & Diu<br>2010-11",7810.218560574101
"Delhi<br>2010-11",1530.429776435878
"Meghalaya<br>2010-11",654.0765880747367
"Maharashtra<br>2010-11",1095.98644257182
"Jammu & Kashmir<br>2010-11",988.2992374385153
"Assam<br>2010-11",222.8835328251296
"Telangana<br>2010-11",
"Manipur<br>2010-11",242.3023879089665
"A.& N. Islands<br>2010-11",499.1836734693878
"Karnataka<br>2010-11",925.024178954847
"Uttarakhand<br>2010-11",1143.606210806404
"Arunachal Pradesh<br>2010-11",582.0827222521542
"Himachal Pradesh<br>2010-11",1250.931698213318
"Sikkim<br>2010-11",880.1070038262709
"Bihar<br>2011-12",133.6061664955301
"S R<br>2011-12",1098.009002141576
"Jammu & Kashmir<br>2011-12",1015.189027422747
"E R<br>2011-12",521.1586924896434
"A.& N. Islands<br>2011-12",501.4
"Rajasthan<br>2011-12",927.3568097224398
"Lakshadweep<br>2011-12",550.25
"N E R<br>2011-12",292.359172425039
"Sikkim<br>2011-12",886.3624688699177
"Delhi<br>2011-12",1586.731099413364
"W R<br>2011-12",1201.146787724073
"Meghalaya<br>2011-12",657.565111952343
"Punjab<br>2011-12",1799.00841291261
"Himachal Pradesh<br>2011-12",1289.389228584339
"Mizoram<br>2011-12",506.7438313104392
"Manipur<br>2011-12",235.8570803349462
"Jharkhand<br>2011-12",790.2000586748719
"Nagaland<br>2011-12",257.1786618530686
"Haryana<br>2011-12",1628.311813460868
"West Bengal<br>2011-12",563.7816380443609
"Assam<br>2011-12",249.8202037399606
"Tripura<br>2011-12",253.8188451538322
"Odisha<br>2011-12",1145.79383398825
"N R<br>2011-12",833.1876844571649
"All India<br>2011-12",883.6314912806516
"Arunachal Pradesh<br>2011-12",683.1252305127173
"Chandigarh<br>2011-12",1217.365280068256
"Chhattisgarh<br>2011-12",1319.556995540741
"Tamil Nadu<br>2011-12",1276.574593904261
"Maharashtra<br>2011-12",1204.381255373521
"Kerala<br>2011-12",593.7715657986565
"Goa<br>2011-12",2025.46071566056
"D. & N. Haveli<br>2011-12",13766.55964534192
"Telangana<br>2011-12",
"Daman & Diu<br>2011-12",7785.217344754508
"Puducherry<br>2011-12",2124.710920971992
"Uttar Pradesh<br>2011-12",449.8880953924032
"Madhya Pradesh<br>2011-12",671.5364484551296
"Gujarat<br>2011-12",1663.229504584508
"Andhra Pradesh<br>2011-12",1156.523619527905
"Karnataka<br>2011-12",1081.347369057458
"Uttarakhand<br>2011-12",1232.172013075641
"West Bengal<br>2012-13",593.8552677892066
"N R<br>2012-13",852.0909409941206
"Chhattisgarh<br>2012-13",1495.407441987666
"Haryana<br>2012-13",1722.302462268826
"Tripura<br>2012-13",296.0505963444401
"Jharkhand<br>2012-13",846.8000471181225
"Maharashtra<br>2012-13",1239.33267484701
"Tamil Nadu<br>2012-13",1226.259434140083
"Himachal Pradesh<br>2012-13",1379.776356108594
"Gujarat<br>2012-13",1796.289795254135
"D. & N. Haveli<br>2012-13",14340.73919105203
"Assam<br>2012-13",240.2768661800907
"Telangana<br>2012-13",
"Odisha<br>2012-13",1209.205221701731
"S R<br>2012-13",1093.779064252813
"Manipur<br>2012-13",352.8601133370588
"Kerala<br>2012-13",630.0744141736152
"Punjab<br>2012-13",1761.07939383191
"Uttar Pradesh<br>2012-13",449.9826036717599
"N E R<br>2012-13",298.3259207657813
"Daman & Diu<br>2012-13",7926.745681548375
"Bihar<br>2012-13",145.4159077681867
"A.& N. Islands<br>2012-13",558.9143197337387
"Delhi<br>2012-13",1613.248372272059
"Madhya Pradesh<br>2012-13",752.7357717923064
"Chandigarh<br>2012-13",1167.625289103644
"Andhra Pradesh<br>2012-13",1134.902142389795
"Rajasthan<br>2012-13",981.8541146909365
"E R<br>2012-13",552.1999331477409
"All India<br>2012-13",914.4106342175086
"Karnataka<br>2012-13",1129.091153500797
"Mizoram<br>2012-13",469.3760469655428
"Jammu & Kashmir<br>2012-13",1043.362925035318
"Uttarakhand<br>2012-13",1297.256163976094
"Goa<br>2012-13",2044.903489181473
"Nagaland<br>2012-13",268.4936153837394
"Puducherry<br>2012-13",2135.739481702453
"Lakshadweep<br>2012-13",591.53125
"Sikkim<br>2012-13",861.8029826689187
"Meghalaya<br>2012-13",690.2030455327167
"W R<br>2012-13",1283.784551865696
"Arunachal Pradesh<br>2012-13",718.5679947954914
"Sikkim<br>2013-14",699.7402033456735
"Jammu & Kashmir<br>2013-14",1066.039616219813
"Karnataka<br>2013-14",1179.231624364465
"Daman & Diu<br>2013-14",8003.492181855401
"A.& N. Islands<br>2013-14",368.1818181818182
"West Bengal<br>2013-14",608.5431262542918
"N R<br>2013-14",867.3043693102911
"Nagaland<br>2013-14",258.9646014846784
"Mizoram<br>2013-14",444.683210095706
"S R<br>2013-14",1212.500593252906
"Assam<br>2013-14",280.0097725161667
"Arunachal Pradesh<br>2013-14",502.7349916321127
"W R<br>2013-14",1313.038399420521
"Telangana<br>2013-14",
"Maharashtra<br>2013-14",1183.115011158879
"Tripura<br>2013-14",330.6418687614926
"Himachal Pradesh<br>2013-14",1347.749871476078
"Chhattisgarh<br>2013-14",1600.984714251498
"Chandigarh<br>2013-14",1132.535345327211
"Delhi<br>2013-14",1445.972849335167
"Gujarat<br>2013-14",1972.561582460877
"Haryana<br>2013-14",1773.058931412166
"Jharkhand<br>2013-14",810.3329440993829
"N E R<br>2013-14",316.6124712432917
"Puducherry<br>2013-14",1692.420233159773
"Rajasthan<br>2013-14",1011.187666026283
"Madhya Pradesh<br>2013-14",764.2754987967911
"Goa<br>2013-14",2197.733706816016
"Bihar<br>2013-14",159.8529409995351
"Andhra Pradesh<br>2013-14",1196.120879202944
"All India<br>2013-14",956.6382874171793
"Manipur<br>2013-14",266.4916056764803
"Uttar Pradesh<br>2013-14",471.8877317395355
"Punjab<br>2013-14",1810.000974598693
"D. & N. Haveli<br>2013-14",14515.3312282289
"E R<br>2013-14",578.7030243617072
"Odisha<br>2013-14",1348.595665447304
"Lakshadweep<br>2013-14",664.6153846153846
"Kerala<br>2013-14",645.2608865292179
"Uttarakhand<br>2013-14",1285.251054570845
"Tamil Nadu<br>2013-14",1543.835473423632
"Meghalaya<br>2013-14",683.9920805483611
"Jammu & Kashmir<br>2014-15",1168.655533378731
"Tripura<br>2014-15",303.1428723121847
"Karnataka<br>2014-15",1211.460572677511
"Mizoram<br>2014-15",449.3823135755258
"Haryana<br>2014-15",1909.26312959492
"Meghalaya<br>2014-15",704.4225225670793
"Andhra Pradesh<br>2014-15",1039.713383791741
"Himachal Pradesh<br>2014-15",1336.194344503789
"D. & N. Haveli<br>2014-15",13768.98218317318
"Telangana<br>2014-15",1355.793610581488
"Lakshadweep<br>2014-15",657.1139240506329
"Uttarakhand<br>2014-15",1357.832131230366
"Manipur<br>2014-15",295.2564484515877
"Chhattisgarh<br>2014-15",1719.00232959347
"Goa<br>2014-15",1803.242840691327
"N R<br>2014-15",927.4472606297562
"Arunachal Pradesh<br>2014-15",525.2281515854603
"Assam<br>2014-15",313.9893875383045
"Chandigarh<br>2014-15",1051.995101752389
"Sikkim<br>2014-15",684.9287284144427
"Nagaland<br>2014-15",311.3178403755869
"Rajasthan<br>2014-15",1122.823432186461
"N E R<br>2014-15",338.1996990882613
"Kerala<br>2014-15",671.7228314682081
"Puducherry<br>2014-15",1654.89710389486
"S R<br>2014-15",1270.952443231016
"Maharashtra<br>2014-15",1257.093698563525
"Gujarat<br>2014-15",2104.635177581681
"Jharkhand<br>2014-15",834.8105500927826
"Uttar Pradesh<br>2014-15",501.5950603031251
"Punjab<br>2014-15",1857.881768955849
"E R<br>2014-15",617.9658918367996
"Daman & Diu<br>2014-15",6960.328791907799
"Bihar<br>2014-15",202.942969032726
"Odisha<br>2014-15",1418.993156540122
"Delhi<br>2014-15",1560.64120905821
"Tamil Nadu<br>2014-15",1615.656466433285
"A.& N. Islands<br>2014-15",360.5000000000001
"All India<br>2014-15",1009.60802699043
"W R<br>2014-15",1393.449298571339
"Madhya Pradesh<br>2014-15",812.8007393522602
"West Bengal<br>2014-15",647.3394656199742
"Mizoram<br>2015-16",503.4747699432893
"All India<br>2015-16",1074.646514491741
"Goa<br>2015-16",2737.718408568574
"Haryana<br>2015-16",1936.173907902839
"Bihar<br>2015-16",257.6966004941274
"Chandigarh<br>2015-16",1112.381204219512
"Manipur<br>2015-16",359.9358227519381
"Punjab<br>2015-16",1919.133687123682
"Jharkhand<br>2015-16",884.0527589244919
"Lakshadweep<br>2015-16",648.9
"Meghalaya<br>2015-16",834.871663238337
"Andhra Pradesh<br>2015-16",1229.505368461962
"Karnataka<br>2015-16",1242.305968315896
"Rajasthan<br>2015-16",1163.520696428935
"Puducherry<br>2015-16",1671.924435467329
"Tamil Nadu<br>2015-16",1687.931233682365
"Madhya Pradesh<br>2015-16",928.9487503841348
"Nagaland<br>2015-16",346.0581727733222
"Gujarat<br>2015-16",2247.684627584971
"Tripura<br>2015-16",328.9592505381991
"Uttarakhand<br>2015-16",1431.221357694921
"Daman & Diu<br>2015-16",7835.984085341841
"N R<br>2015-16",956.823041298464
"S R<br>2015-16",1316.319013897225
"Kerala<br>2015-16",704.2244178233667
"Telangana<br>2015-16",1439.405332567708
"Sikkim<br>2015-16",686.5964025507662
"Maharashtra<br>2015-16",1317.661066984002
"A.& N. Islands<br>2015-16",354.5901639344263
"W R<br>2015-16",1515.411984468432
"Delhi<br>2015-16",1556.579126848922
"Assam<br>2015-16",322.235430281311
"West Bengal<br>2015-16",660.4697961624349
"Jammu & Kashmir<br>2015-16",1234.264898314416
"N E R<br>2015-16",368.7988662114752
"Arunachal Pradesh<br>2015-16",600.4394644223413
"Odisha<br>2015-16",1563.568973415207
"E R<br>2015-16",674.7289014029241
"Himachal Pradesh<br>2015-16",1338.86442226547
"D. & N. Haveli<br>2015-16",15137.34770454407
"Uttar Pradesh<br>2015-16",524.4263596116529
"Chhattisgarh<br>2015-16",2022.373610166594
"N R<br>2016-17",1003.380190432491
"Daman & Diu<br>2016-17",7964.842558214385
"Haryana<br>2016-17",1974.596396731067
"Mizoram<br>2016-17",522.676740726218
"Delhi<br>2016-17",1573.994036041755
"D. & N. Haveli<br>2016-17",15782.73149329249
"Gujarat<br>2016-17",2278.981221829
"N E R<br>2016-17",391.5708865212085
"E R<br>2016-17",694.4038226460152
"Nagaland<br>2016-17",344.9255301072017
"Chandigarh<br>2016-17",1127.76809176821
"S R<br>2016-17",1432.192456049946
"Tripura<br>2016-17",470.2362217259833
"Maharashtra<br>2016-17",1307.30167209039
"Madhya Pradesh<br>2016-17",988.8823556727095
"Chhattisgarh<br>2016-17",2016.443385361956
"W R<br>2016-17",1532.616278835662
"All India<br>2016-17",1121.731963055623
"A.& N. Islands<br>2016-17",369.5773381294964
"Himachal Pradesh<br>2016-17",1339.633069216142
"Punjab<br>2016-17",2027.513984025072
"Odisha<br>2016-17",1622.230505114255
"Goa<br>2016-17",2466.490740607783
"Uttar Pradesh<br>2016-17",584.8677925513355
"West Bengal<br>2016-17",664.7390012030029
"Manipur<br>2016-17",325.5254794790442
"Uttarakhand<br>2016-17",1453.681246294659
"Kerala<br>2016-17",762.9710616329155
"Assam<br>2016-17",338.6436831101569
"Sikkim<br>2016-17",806.2267948617098
"Telangana<br>2016-17",1551.434858752189
"Jammu & Kashmir<br>2016-17",1281.727333800735
"Karnataka<br>2016-17",1367.098195597352
"Jharkhand<br>2016-17",915.1535191362353
"Andhra Pradesh<br>2016-17",1318.79550506768
"Arunachal Pradesh<br>2016-17",648.2089337544425
"Puducherry<br>2016-17",1783.748856392829
"Bihar<br>2016-17",271.9533118204711
"Lakshadweep<br>2016-17",633.0731707317074
"Rajasthan<br>2016-17",1165.944476027679
"Tamil Nadu<br>2016-17",1847.372957949282
"Meghalaya<br>2016-17",832.408868010664
"All India<br>2017-18",1149.102247331867
"N R<br>2017-18",1030.857159503247
"Gujarat<br>2017-18",2320.78886453982
"Lakshadweep<br>2017-18",562.8915662650602
"Sikkim<br>2017-18",810.378815926135
"A.& N. Islands<br>2017-18",569.2845236842105
"W R<br>2017-18",1573.276340857091
"Jammu & Kashmir<br>2017-18",1283.579020271447
"Rajasthan<br>2017-18",1178.034763971039
"Puducherry<br>2017-18",1749.294317080541
"Karnataka<br>2017-18",1355.765795056266
"Maharashtra<br>2017-18",1370.992251074262
"Uttar Pradesh<br>2017-18",627.576842103169
"Jharkhand<br>2017-18",926.9433343104535
"Punjab<br>2017-18",2048.950002759592
"Madhya Pradesh<br>2017-18",1019.985433624208
"Odisha<br>2017-18",1592.7010577114
"Arunachal Pradesh<br>2017-18",656.207372505243
"Tamil Nadu<br>2017-18",1834.01332430458
"N E R<br>2017-18",401.42176314609
"Bihar<br>2017-18",280.0164493341018
"West Bengal<br>2017-18",698.9770644741038
"Chandigarh<br>2017-18",1004.309057552078
"E R<br>2017-18",705.9656552334915
"S R<br>2017-18",1465.148983899194
"Kerala<br>2017-18",765.8590813831452
"Daman & Diu<br>2017-18",7902.137256385426
"Delhi<br>2017-18",1563.537111742532
"Andhra Pradesh<br>2017-18",1388.241944070037
"Telangana<br>2017-18",1727.402640415269
"Goa<br>2017-18",2228.940410069215
"Uttarakhand<br>2017-18",1450.120151737476
"Nagaland<br>2017-18",348.2439430146198
"Manipur<br>2017-18",346.7769574996395
"Tripura<br>2017-18",714.1598847483598
"D. & N. Haveli<br>2017-18",15218.04757972968
"Assam<br>2017-18",330.4783567128863
"Himachal Pradesh<br>2017-18",1392.824558703358
"Meghalaya<br>2017-18",743.0047087793002
"Chhattisgarh<br>2017-18",2003.032235560262
"Haryana<br>2017-18",1990.177428902043
"Mizoram<br>2017-18",489.7722877950324
"West Bengal<br>2018-19",703.2648698280861
"Odisha<br>2018-19",1627.722779591872
"Manipur<br>2018-19",371.06686432855
"Lakshadweep<br>2018-19",553.5714285714286
"Mizoram<br>2018-19",617.4379425342644
"E R<br>2018-19",725.9307952297355
"All India<br>2018-19",1180.856497937833
"S R<br>2018-19",1524.810130558544
"Chandigarh<br>2018-19",978.0602937237179
"Goa<br>2018-19",2274.4366093464
"Nagaland<br>2018-19",356.1695777030837
"N E R<br>2018-19",406.7344028392429
"Uttarakhand<br>2018-19",1466.846083956337
"Bihar<br>2018-19",311.3097973361104
"Tamil Nadu<br>2018-19",1866.34117197172
"Meghalaya<br>2018-19",880.5528490815459
"Madhya Pradesh<br>2018-19",1084.002599895505
"Haryana<br>2018-19",2081.679523009728
"Puducherry<br>2018-19",1744.501165782581
"Andhra Pradesh<br>2018-19",1479.579176149637
"Punjab<br>2018-19",2046.008191480533
"Gujarat<br>2018-19",2377.690715950682
"Rajasthan<br>2018-19",1282.456217969047
"Kerala<br>2018-19",757.1017426233846
"Himachal Pradesh<br>2018-19",1417.926230336422
"Maharashtra<br>2018-19",1424.265404203051
"N R<br>2018-19",1044.674008675309
"Daman & Diu<br>2018-19",7758.050610966446
"W R<br>2018-19",1621.557907994346
"A.& N. Islands<br>2018-19",596.6671821305841
"Telangana<br>2018-19",1896.283688818686
"Jammu & Kashmir<br>2018-19",1322.289451098159
"Tripura<br>2018-19",513.5336683611664
"Delhi<br>2018-19",1548.482468325064
"Karnataka<br>2018-19",1395.697171558929
"Sikkim<br>2018-19",872.7336618256562
"Uttar Pradesh<br>2018-19",605.7398169105003
"Arunachal Pradesh<br>2018-19",703.23661479591
"Assam<br>2018-19",341.3891999259503
"Jharkhand<br>2018-19",938.4716924788878
"Chhattisgarh<br>2018-19",1960.656922859914
"D. & N. Haveli<br>2018-19",15178.68008300977
"Daman & Diu<br>2019-20",7560.974838248183
"Bihar<br>2019-20",332.1205273519145
"All India<br>2019-20",1207.890924613903
"Tamil Nadu<br>2019-20",1843.92589511384
"N E R<br>2019-20",402.4983356036902
"Haryana<br>2019-20",2229.226518246068
"A.& N. Islands<br>2019-20",585.4460618103194
"Arunachal Pradesh<br>2019-20",631.3775733454752
"Uttarakhand<br>2019-20",1527.901646691726
"Telangana<br>2019-20",2070.950750414448
"Puducherry<br>2019-20",1751.923181638998
"Goa<br>2019-20",2396.039147445711
"Mizoram<br>2019-20",628.7847516269945
"N R<br>2019-20",1088.630705009384
"Gujarat<br>2019-20",2387.935585045441
"Lakshadweep<br>2019-20",550.9484905567647
"Rajasthan<br>2019-20",1316.637164129984
"Meghalaya<br>2019-20",861.0902862280417
"Sikkim<br>2019-20",928.8926098959521
"Nagaland<br>2019-20",367.0435749524494
"Odisha<br>2019-20",1559.341830706938
"Manipur<br>2019-20",385.0134462492969
"Kerala<br>2019-20",825.6539167910144
"Himachal Pradesh<br>2019-20",1527.204520661568
"Maharashtra<br>2019-20",1417.734862994916
"Assam<br>2019-20",348.028629107371
"Chandigarh<br>2019-20",985.6682226761573
"S R<br>2019-20",1576.52883504297
"W R<br>2019-20",1630.525485005281
"Chhattisgarh<br>2019-20",2044.001714123209
"Andhra Pradesh<br>2019-20",1506.553462304572
"Delhi<br>2019-20",1571.581349837499
"Madhya Pradesh<br>2019-20",1085.960873217447
"Karnataka<br>2019-20",1468.062716691284
"Uttar Pradesh<br>2019-20",628.7279283796698
"Tripura<br>2019-20",425.3904948711378
"Jharkhand<br>2019-20",853.4878531110652
"Punjab<br>2019-20",2171.191820520062
"Jammu & Kashmir<br>2019-20",1383.635874121316
"E R<br>2019-20",730.6796448379625
"D. & N. Haveli<br>2019-20",15517.22812333313
"West Bengal<br>2019-20",756.6473535086377